1 1,119,115,109,19,104,126,45,145,137,84,76,81,64,37,467,208,140,106,485,12,203,198,120 
2 2,69,344,273,398,246,327,47,421,381,416,379,144,418,304,257,293,306,391,239,454,456,290,279 
3 242,3,276,237,215,117,340,206,105,296,289,36,447,449,240,282,283,26,270,316,225,314,311,181 
4 4,314,281,112,135,27,272,386,416,23,317,36,443,370,486,244,399,424,31,352,459,341,124,477 
5 5,293,28,482,332,212,368,239,339,295,225,418,404,313,405,403,409,221,413,351,439,364,430,148 
6 6,85,139,80,63,72,191,79,7,25,38,164,476,153,77,84,177,203,142,149,204,91,214,61 
7 7,63,79,80,38,139,191,177,91,204,164,85,72,6,77,76,37,138,66,149,84,25,203,163 
8 378,8,497,38,82,80,499,44,61,495,84,63,39,62,77,37,49,66,64,85,45,90,6,40 
9 9,118,184,111,157,394,427,91,44,83,41,473,66,116,383,65,92,351,26,416,252,170,89,350 
10 10,71,177,80,7,138,79,139,149,191,66,87,91,63,157,470,203,163,85,37,72,137,164,68 
11 11,211,114,162,59,104,25,470,145,57,159,106,54,120,137,86,194,121,197,167,208,203,175,214 
12 12,54,86,159,104,57,137,120,470,485,175,211,115,174,25,126,114,146,106,163,214,109,208,167 
13 13,497,493,119,156,19,467,109,197,175,163,114,174,146,106,54,137,78,121,203,76,37,120,193 
14 14,140,74,142,25,153,203,470,485,214,137,106,167,64,84,159,120,114,54,86,175,198,163,154 
15 15,497,493,455,104,109,138,13,57,146,161,106,115,167,137,120,122,156,86,119,467,25,211,162 
16 16,84,198,137,467,114,76,470,197,86,145,120,126,115,40,201,64,208,186,218,106,174,163,25 
17 17,18,141,37,145,497,485,493,126,470,210,175,154,163,137,159,156,106,120,208,140,167,64,186 
18 18,17,145,37,126,137,470,163,64,175,140,156,106,40,76,121,154,45,167,194,197,186,120,141 
19 19,126,175,163,114,54,104,146,174,137,120,86,156,197,467,106,119,203,214,142,145,57,211,76 
20 475,20,485,497,493,495,499,210,125,21,246,122,1,163,37,467,374,197,289,178,156,193,39,140 
21 21,178,229,20,304,140,429,372,485,75,346,359,493,349,347,250,64,77,267,497,195,219,213,212 
22 22,29,32,130,193,40,140,84,37,45,192,208,470,198,76,151,64,197,81,203,175,141,122,156 
23 427,23,485,497,493,22,32,24,151,245,132,29,130,141,107,476,495,31,486,169,153,142,122,178 
24 24,132,131,298,23,135,141,232,30,339,366,29,187,36,341,22,112,130,263,459,89,336,371,111 
25 330,25,153,214,142,203,470,197,208,86,198,175,121,159,167,54,137,106,120,146,211,174,104,145 
26 26,485,476,497,493,495,499,107,412,232,366,187,215,200,153,89,142,195,349,17,174,390,9,251 
27 27,357,476,428,374,304,4,333,297,281,46,456,347,352,454,365,451,345,388,453,317,288,444,143 
28 28,399,5,315,252,275,123,302,378,343,279,365,455,127,459,48,325,336,34,373,408,380,384,247 
29 29,22,32,192,45,151,193,40,84,37,64,208,198,197,470,203,76,81,186,82,140,106,109,156 
30 30,485,497,493,476,131,305,495,390,89,24,372,235,499,215,128,486,407,169,187,266,280,265,344 
31 31,171,34,245,341,60,236,23,495,7,117,55,329,253,314,67,75,202,483,214,279,122,486,342 
32 32,29,22,37,130,192,45,84,40,64,159,81,151,198,76,140,193,82,141,208,175,121,137,106 
33 33,470,485,497,493,476,73,384,133,188,206,1,151,495,168,88,173,182,11,83,155,382,372,200 
34 382,34,75,277,104,157,253,154,25,151,164,200,163,79,63,174,86,153,31,162,119,155,211,214 
35 35,130,141,22,32,29,132,17,151,18,84,145,149,133,37,77,64,186,45,81,192,82,40,193 
36 36,470,497,467,485,230,276,352,105,336,493,132,334,309,217,298,24,23,366,90,8,401,476,3 
37 37,40,45,76,64,175,84,163,121,137,106,114,198,145,126,208,156,197,86,120,81,82,167,193 
38 38,485,470,467,63,80,7,77,79,6,72,464,84,61,497,177,85,191,37,204,71,149,139,164 
39 39,84,186,198,37,211,159,64,45,203,76,470,145,190,104,120,197,82,208,183,467,194,121,106 
40 459,40,37,45,76,121,106,64,175,198,211,120,208,126,197,137,114,156,145,163,84,57,86,167 
41 41,470,485,467,497,464,493,476,219,43,42,495,157,499,264,57,433,106,91,146,126,364,163,174 
42 42,43,41,470,493,453,467,486,485,415,456,452,451,454,477,444,446,435,445,341,355,419,464,442 
43 43,42,41,18,16,17,74,248,192,447,59,53,11,341,364,12,154,93,115,373,76,173,128,137 
44 44,62,109,84,118,45,64,197,76,115,106,40,37,66,204,55,208,82,57,163,146,121,211,198 
45 45,64,76,40,37,84,121,198,208,106,81,175,163,82,211,57,114,186,197,120,86,156,137,145 
46 103,46,470,485,467,464,497,493,476,277,499,495,412,346,403,418,425,409,411,413,279,421,414,341 
47 47,392,395,285,105,232,243,361,380,388,125,2,314,225,97,201,98,458,269,96,324,432,336,262 
48 48,94,123,176,215,97,378,149,177,361,363,158,256,147,186,342,68,270,70,138,305,407,77,181 
49 49,37,76,163,208,175,137,45,40,64,121,106,81,126,197,205,114,120,84,86,198,82,174,104 
50 50,464,470,485,467,497,493,476,51,495,499,329,306,358,432,477,292,370,213,88,257,412,253,113 
51 51,50,432,481,329,483,262,229,127,264,231,254,220,327,170,41,394,354,235,366,257,386,271,439 
52 52,195,91,203,126,197,76,138,194,150,77,87,80,204,139,145,115,211,6,177,196,71,119,164 
53 53,66,77,91,79,139,63,157,84,72,7,495,138,76,44,68,57,175,109,80,191,150,115,149 
54 54,174,57,120,114,146,86,175,121,106,126,163,211,156,25,137,145,167,104,205,159,207,203,208 
55 55,467,485,470,106,167,204,464,44,121,86,497,114,40,208,62,45,203,197,120,214,109,126,211 
56 56,470,485,467,464,497,493,476,391,495,499,241,259,387,236,415,323,248,213,307,147,406,299,384 
57 57,120,54,106,121,163,104,137,86,114,146,126,211,175,76,145,156,109,194,174,167,159,40,25 
58 58,467,485,470,464,497,493,476,379,495,499,283,309,307,271,111,387,287,347,298,99,65,486,477 
59 59,86,175,146,57,114,106,121,167,54,120,156,163,25,137,159,145,76,197,211,142,81,208,40 
60 60,470,485,467,464,497,493,476,249,499,495,11,107,153,59,191,168,216,135,366,214,31,160,83 
61 61,38,85,63,6,80,7,84,77,72,191,79,177,71,142,107,153,82,37,66,204,139,64,39 
62 62,64,45,76,40,37,82,44,84,121,106,198,175,197,156,186,204,109,86,120,137,77,25,163 
63 63,80,38,7,77,37,191,85,149,79,164,6,139,204,72,76,84,45,91,467,470,177,71,40 
64 64,45,76,37,40,84,82,208,163,121,106,198,175,81,197,137,86,62,120,186,145,114,57,156 
65 65,470,485,467,464,497,493,476,332,221,499,495,8,127,241,351,362,9,58,477,66,305,200,49 
66 66,91,53,80,157,44,63,7,79,139,77,150,191,177,84,76,115,109,37,85,68,45,38,64 
67 67,470,467,485,464,493,476,497,1,495,499,382,282,267,397,260,148,227,305,237,367,250,173,220 
68 68,177,149,139,80,191,77,63,7,72,6,91,79,53,186,203,66,85,211,157,164,163,150,84 
69 69,470,485,467,464,476,493,497,495,499,2,92,486,354,348,310,381,416,396,296,268,337,323,373 
70 70,79,53,72,149,138,177,63,7,91,139,77,164,57,80,54,163,150,85,68,76,175,61,37 
71 250,71,10,63,79,72,203,80,191,139,7,197,149,6,77,87,192,177,91,175,54,38,86,163 
72 72,79,177,63,7,80,6,191,139,77,175,149,85,71,91,54,204,25,203,163,38,174,167,142 
73 73,467,470,485,476,464,497,493,499,495,33,160,196,243,183,168,343,186,16,182,176,200,139,180 
74 74,14,140,81,64,126,203,175,76,84,45,163,19,137,86,120,106,115,114,146,82,57,197,37 
75 75,140,120,163,104,203,167,86,162,137,208,64,106,194,174,122,175,470,40,37,54,25,12,186 
76 76,45,64,40,163,37,121,106,114,175,126,84,86,137,82,197,208,57,120,145,211,203,146,167 
77 77,470,485,467,80,63,84,37,82,76,45,464,53,72,175,64,7,38,62,149,191,203,198,40 
78 480,78,467,470,485,156,37,190,82,198,84,464,120,159,114,64,45,121,76,175,40,145,163,25 
79 79,72,7,91,63,139,191,177,54,157,80,6,164,204,163,38,203,71,149,174,126,57,106,85 
80 80,63,7,191,77,38,85,177,37,76,6,139,164,82,84,72,204,79,91,66,40,470,64,149 
81 81,45,175,37,76,86,57,64,163,106,208,126,40,104,137,120,203,84,114,145,211,121,146,167 
82 82,76,64,45,37,470,40,84,208,175,485,197,163,203,467,114,120,121,86,145,198,156,62,211 
83 83,470,467,485,497,464,493,74,476,107,153,142,161,44,109,115,14,84,55,53,197,214,174,203 
84 84,76,45,64,37,198,197,208,40,25,145,203,214,106,175,121,153,114,86,211,142,120,82,137 
85 293,85,470,467,485,6,80,63,177,7,72,84,191,79,139,204,149,37,61,476,38,77,76,164 
86 86,114,146,120,126,106,211,175,163,137,121,203,197,167,156,174,208,54,159,145,57,25,154,104 
87 87,470,485,467,497,464,476,79,149,138,493,71,80,139,7,164,72,191,126,163,159,157,137,10 
88 88,467,470,485,384,476,464,497,493,495,325,499,351,33,399,365,16,12,235,50,87,231,383,352 
89 89,131,132,30,169,276,22,344,486,26,23,275,36,9,24,327,237,285,147,415,256,348,476,377 
90 90,491,8,303,366,198,84,38,370,16,36,343,266,406,195,80,178,130,39,23,441,172,162,438 
91 91,157,79,66,150,139,7,177,138,63,53,80,115,191,72,57,164,203,109,197,163,149,204,146 
92 92,467,485,470,464,493,476,497,495,499,110,41,396,349,69,355,157,34,302,118,486,350,365,44 
93 414,93,477,412,219,94,156,194,287,155,246,341,41,78,16,328,43,87,18,183,115,247,114,218 
94 94,157,79,91,106,72,146,86,120,10,175,54,159,126,150,177,163,104,167,138,156,149,87,145 
95 95,467,470,485,464,497,493,96,476,499,98,443,495,291,165,353,94,352,314,317,299,97,288,354 
96 96,95,98,97,449,355,342,99,221,450,361,105,453,443,446,452,462,100,442,454,314,444,445,456 
97 369,97,226,274,242,238,234,318,100,255,294,300,278,385,397,338,94,96,98,269,326,402,48,117 
98 98,99,96,95,97,311,401,365,439,129,396,299,354,409,125,219,286,427,405,487,340,100,47,376 
99 99,98,273,282,96,108,58,340,428,143,355,396,339,450,316,487,95,446,376,442,105,445,359,414 
100 100,101,97,298,269,242,226,238,318,274,234,255,94,324,308,116,294,419,418,300,442,278,414,111 
101 101,100,250,339,232,221,97,340,427,382,355,301,361,240,144,473,261,111,337,298,356,259,424,263 
102 328,102,199,427,474,459,439,482,442,446,428,136,441,152,411,438,408,436,424,437,431,462,430,134 
103 46,103,478,488,492,494,480,152,479,466,469,465,135,457,463,223,87,259,298,105,73,50,153,390 
104 104,120,163,126,211,137,106,175,57,203,156,86,114,145,159,208,146,25,167,54,197,121,194,76 
105 105,485,470,467,464,497,493,476,495,499,336,36,272,47,96,3,341,170,486,285,374,259,278,225 
106 106,121,120,175,86,126,163,114,137,159,146,211,208,197,57,104,145,76,40,156,54,203,109,167 
107 107,485,467,470,153,142,214,25,464,497,197,205,174,84,203,6,493,207,168,54,86,114,200,198 
108 108,476,470,485,467,493,497,464,495,499,107,85,99,63,6,61,279,173,72,18,375,362,70,296 
109 109,146,115,106,120,57,137,126,104,211,197,175,86,163,156,203,174,208,121,114,145,76,40,214 
110 110,467,485,470,464,493,497,476,495,499,92,295,157,286,79,284,91,477,123,66,150,158,94,486 
111 111,184,9,170,213,58,116,100,245,232,389,250,499,334,101,471,381,339,24,329,356,83,118,423 
112 125,357,112,347,450,370,394,473,4,313,132,24,438,33,287,352,298,36,436,244,276,446,60,456 
113 113,126,146,106,86,208,25,121,203,120,163,167,114,211,214,174,57,175,197,54,198,159,145,76 
114 114,86,120,175,211,146,121,163,106,126,203,137,145,156,197,167,214,208,54,174,76,57,159,104 
115 115,485,467,470,109,211,86,120,106,137,146,163,126,175,218,197,104,167,57,145,156,121,114,208 
116 116,467,485,470,464,476,493,497,495,499,83,161,201,10,142,12,109,71,54,159,146,118,122,162 
117 117,206,55,109,214,114,126,161,106,19,145,159,120,122,174,175,197,137,218,86,163,121,142,104 
118 118,44,189,109,146,155,182,161,115,188,91,157,197,106,120,154,55,57,137,66,104,62,211,485 
119 119,106,121,146,126,120,163,175,114,211,86,197,137,159,104,156,145,76,208,40,25,19,57,109 
120 120,121,126,137,106,114,163,86,175,104,156,57,145,211,167,197,146,159,208,203,174,54,194,109 
121 121,106,120,114,485,175,470,156,86,126,197,137,163,40,208,211,467,146,57,76,159,145,54,167 
122 122,470,485,467,140,137,175,120,126,104,145,25,167,218,159,156,146,106,211,114,197,464,86,121 
123 123,470,485,467,7,164,72,204,191,138,139,177,63,497,80,91,157,79,77,62,150,149,464,159 
124 165,124,467,470,485,464,499,476,497,495,493,243,125,359,486,263,180,294,297,269,366,300,347,448 
125 112,125,331,387,278,124,294,226,274,238,20,234,41,209,255,439,300,364,327,242,263,59,318,219 
126 126,120,137,86,163,211,106,175,104,114,121,145,146,156,197,167,203,159,54,76,174,57,154,19 
127 127,485,470,467,464,497,493,476,495,499,65,254,365,375,51,295,369,88,150,271,350,227,60,135 
128 128,374,251,459,423,342,489,43,215,30,41,487,477,356,386,248,271,293,26,410,471,264,52,399 
129 129,380,146,486,190,201,193,86,355,239,120,218,154,183,192,16,57,25,174,194,209,43,205,216 
130 130,141,132,22,32,35,29,151,17,192,84,131,37,193,45,149,140,40,18,197,145,198,64,126 
131 131,132,89,141,130,470,485,22,467,24,30,440,497,464,35,17,476,493,133,29,495,296,32,373 
132 132,131,130,141,35,22,17,32,24,29,23,89,36,151,112,173,18,366,236,258,296,390,297,303 
133 133,159,175,54,167,155,106,162,146,57,121,86,120,154,207,156,211,104,197,203,209,151,193,163 
134 134,467,470,485,464,497,493,476,495,499,375,372,387,378,219,459,486,490,379,383,102,158,320,369 
135 135,107,83,200,153,220,61,328,60,168,24,6,312,463,4,466,457,142,277,480,469,494,73,465 
136 136,476,371,377,407,199,102,382,447,459,386,367,423,375,493,1,400,366,428,152,381,487,67,165 
137 137,163,120,126,175,106,86,114,104,121,146,211,197,57,167,156,154,218,159,76,145,140,25,194 
138 138,485,470,467,497,464,91,177,493,139,7,80,157,149,72,175,79,121,137,57,191,87,10,164 
139 139,6,177,79,7,80,91,63,72,149,164,138,175,68,40,76,197,126,191,106,203,140,53,167 
140 140,137,120,126,106,163,203,175,104,156,146,121,86,76,167,114,197,40,193,194,122,25,142,115 
141 141,485,470,467,130,464,17,497,132,493,32,22,35,29,476,18,151,145,122,192,37,126,149,137 
142 142,153,214,25,203,197,174,211,114,106,175,86,120,137,208,167,54,159,163,126,121,104,198,146 
143 143,470,485,467,476,464,493,497,495,499,7,355,372,179,373,91,99,114,216,87,209,80,364,10 
144 144,250,378,265,429,342,462,101,289,257,2,171,97,485,353,458,100,98,331,499,282,327,311,213 
145 145,120,114,126,106,175,163,121,86,211,208,146,104,137,167,76,156,57,25,54,203,197,159,37 
146 240,146,86,114,175,106,163,470,156,126,121,120,137,109,54,211,467,57,174,159,167,208,145,197 
147 147,467,485,470,497,464,493,476,499,495,184,248,118,375,189,157,256,373,91,244,241,115,364,109 
148 496,148,477,67,345,450,427,241,46,493,256,166,249,18,370,88,41,1,187,247,341,434,5,240 
149 149,63,191,139,177,72,77,79,68,175,159,80,7,145,85,138,197,91,37,25,163,6,203,87 
150 150,91,177,139,80,7,79,157,470,66,203,485,138,77,72,63,191,164,159,467,53,175,149,106 
151 151,29,162,203,126,159,467,197,106,211,156,146,104,86,120,174,119,208,109,175,485,121,163,57 
152 492,152,470,485,467,199,497,464,493,476,495,499,369,477,372,408,373,102,486,378,103,387,416,410 
153 153,214,25,142,197,107,86,84,207,203,121,208,174,106,175,198,114,146,137,126,154,211,54,120 
154 154,476,86,137,126,167,155,121,175,120,114,25,203,106,146,211,163,470,54,156,104,145,194,159 
155 155,154,485,120,156,470,467,121,211,137,86,106,175,126,197,104,159,114,109,54,167,163,203,115 
156 156,120,121,175,159,146,163,114,211,126,197,86,137,106,104,208,54,145,174,57,76,40,167,203 
157 157,467,470,485,91,497,79,464,66,138,177,139,53,115,493,150,7,109,149,80,164,72,57,191 
158 455,158,467,470,485,493,121,183,133,156,120,464,57,159,54,211,207,194,175,145,218,25,162,476 
159 159,106,175,211,156,120,121,86,163,126,146,114,197,137,104,25,203,54,198,145,167,208,174,57 
160 160,470,485,467,196,185,182,172,168,497,464,493,476,154,206,137,189,176,155,126,104,11,211,114 
161 161,197,109,86,167,106,120,115,156,126,211,121,146,137,114,175,159,104,155,113,163,57,174,145 
162 162,104,211,120,121,156,203,167,126,163,106,174,194,25,208,54,114,57,137,159,175,197,40,145 
163 163,175,137,120,126,104,114,86,106,146,211,121,156,76,57,197,208,145,167,159,203,174,54,37 
164 164,467,204,485,470,464,497,63,80,7,79,139,6,493,62,91,177,77,72,76,203,44,138,123 
165 124,165,470,485,467,464,497,476,493,495,499,375,372,342,95,217,306,254,296,308,225,8,351,290 
166 166,266,379,345,303,73,220,245,243,212,361,67,148,332,302,230,184,387,169,23,256,213,399,50 
167 167,120,203,211,114,175,86,126,137,163,146,194,121,174,106,25,154,145,197,104,54,76,156,159 
168 168,485,470,467,196,182,185,160,464,153,497,200,172,107,493,214,189,142,25,206,154,197,203,476 
169 169,476,470,485,467,464,495,497,499,493,372,89,23,369,400,285,258,30,328,366,373,166,449,250 
170 170,118,217,157,91,66,218,184,115,62,44,123,210,161,111,18,167,204,83,332,163,109,186,121 
171 171,31,141,253,236,447,272,250,493,17,467,188,482,450,172,374,266,210,130,350,473,464,75,470 
172 172,196,185,160,182,168,206,189,137,154,211,155,104,194,126,167,186,122,120,114,200,198,218,203 
173 173,485,467,470,464,476,497,493,499,495,192,32,201,118,372,82,59,210,153,44,141,191,33,39 
174 174,54,120,86,114,203,146,175,126,163,167,211,208,106,137,214,25,197,142,156,121,218,57,159 
175 175,163,114,106,197,137,120,146,86,121,126,159,156,211,145,104,167,54,76,174,203,37,25,40 
176 176,470,485,467,189,464,497,493,182,196,188,476,154,155,168,185,167,186,120,114,156,194,211,198 
177 177,80,85,139,186,79,72,7,191,91,63,149,150,138,68,106,163,203,76,77,159,164,198,157 
178 178,485,470,467,159,121,156,211,86,54,175,64,40,120,37,205,197,174,76,146,106,163,45,208 
179 179,467,485,470,189,137,45,76,86,211,81,154,106,197,104,114,64,163,175,126,153,155,176,497 
180 180,114,163,218,126,137,203,174,146,57,86,104,208,120,211,156,76,121,106,167,209,25,145,175 
181 181,467,485,470,497,493,464,476,499,314,282,375,239,369,408,261,473,495,129,400,215,187,311,448 
182 182,196,185,160,168,172,176,189,154,155,137,203,126,167,194,211,188,206,118,104,86,120,115,109 
183 183,120,121,198,186,208,106,104,211,40,25,175,57,159,163,203,114,76,84,156,197,194,193,145 
184 304,184,470,467,485,497,464,493,476,118,111,9,495,147,375,83,44,109,170,364,499,189,369,188 
185 185,196,160,182,172,168,189,206,154,176,183,137,104,155,120,188,190,211,194,114,126,159,197,203 
186 186,76,106,45,120,198,104,211,40,126,121,37,156,145,208,175,163,183,159,64,137,114,86,84 
187 187,470,485,467,497,464,493,476,499,495,215,364,265,303,26,24,375,46,261,373,181,30,372,212 
188 188,189,176,182,118,196,185,168,139,206,66,200,80,172,155,91,154,157,79,150,177,63,164,77 
189 320,189,188,176,118,155,182,196,185,154,168,200,183,206,197,104,120,198,109,156,106,137,203,45 
190 469,190,25,198,159,121,120,167,197,37,183,106,175,64,84,205,208,145,54,76,40,156,45,57 
191 191,80,63,470,79,7,467,177,149,485,6,72,77,85,91,139,71,68,145,203,204,114,163,38 
192 192,121,76,197,37,106,120,208,163,82,57,40,114,45,203,137,175,119,84,126,156,146,198,81 
193 193,203,198,175,40,37,156,137,121,197,140,76,163,159,106,146,114,167,120,25,86,211,104,57 
194 194,120,167,114,175,137,126,211,163,203,104,86,57,121,106,146,145,197,198,470,174,208,156,154 
195 195,485,470,467,464,497,493,190,203,198,167,197,45,476,104,193,37,126,194,64,25,76,81,175 
196 196,185,182,160,172,168,154,189,167,126,155,206,211,137,104,120,114,176,194,197,203,11,57,76 
197 197,175,121,106,114,86,120,126,156,203,163,137,25,211,208,214,159,146,142,76,153,167,174,40 
198 198,470,485,467,25,203,40,208,84,45,211,159,120,106,37,197,214,121,104,175,137,76,193,194 
199 199,470,485,467,497,464,476,493,152,102,495,499,375,342,312,372,373,336,304,364,136,486,369,349 
200 200,168,153,107,189,214,49,196,142,25,154,197,203,176,208,155,182,104,207,185,211,167,114,6 
201 201,174,54,175,167,137,120,114,159,146,25,197,126,86,163,208,156,218,121,211,145,76,106,12 
202 261,202,470,467,485,497,464,493,476,495,499,193,298,84,214,198,195,45,130,190,1,73,35,364 
203 494,498,203,114,86,211,25,167,197,120,126,214,163,174,104,106,142,198,175,208,146,76,193,159 
204 383,204,164,470,485,467,63,7,80,79,62,55,44,72,77,85,139,464,203,91,476,191,6,497 
205 205,54,106,174,25,57,208,86,104,175,121,137,114,145,146,120,214,159,126,76,163,156,142,211 
206 206,467,485,470,497,493,464,117,196,185,476,172,168,189,182,186,176,214,109,198,126,203,160,104 
207 207,54,106,174,86,25,153,121,211,159,142,146,137,197,120,208,126,57,203,214,167,175,154,114 
208 208,106,121,120,114,163,86,197,25,145,211,146,203,156,175,174,76,126,137,104,198,40,45,84 
209 209,470,467,114,485,86,120,211,146,145,208,175,76,126,106,163,104,57,121,137,159,40,25,167 
210 299,210,470,485,467,497,464,493,180,121,62,120,209,114,156,175,109,145,183,186,37,86,146,126 
211 211,114,126,86,104,106,120,159,163,175,203,121,156,167,137,197,145,146,208,57,115,54,174,25 
212 212,467,470,485,464,497,493,476,495,499,375,39,364,304,260,5,342,72,205,166,173,187,246,369 
213 213,351,111,245,291,500,275,50,304,313,171,353,297,56,15,490,21,355,94,9,166,349,416,144 
214 214,153,25,142,114,197,203,174,86,175,211,120,208,126,137,167,198,146,106,121,159,54,163,84 
215 215,485,470,467,476,464,497,493,495,499,187,3,48,83,8,225,30,128,26,304,252,375,372,364 
216 216,214,174,25,146,86,197,126,175,19,211,54,114,163,167,119,203,145,156,154,153,142,121,120 
217 217,485,467,470,497,476,493,464,340,170,495,499,133,220,362,72,336,486,216,192,62,36,265,165 
218 218,137,174,146,167,156,120,115,126,86,114,163,211,175,121,106,214,203,54,109,159,25,57,104 
219 219,467,485,470,464,497,493,476,41,495,499,87,93,226,78,156,163,73,218,16,193,228,197,146 
220 220,324,135,364,265,217,433,497,493,476,467,235,485,166,107,67,470,61,51,257,46,395,227,240 
221 221,327,65,489,117,55,490,310,101,429,96,329,382,83,49,371,476,200,97,328,351,116,340,396 
222 222,332,464,216,237,355,364,291,313,362,73,283,243,36,250,124,254,105,93,8,372,309,246,323 
223 223,340,341,345,362,365,82,8,412,458,448,276,490,378,271,317,65,267,36,173,336,342,296,224 
224 224,269,258,257,390,291,88,395,143,302,223,471,296,148,316,448,263,212,262,329,243,303,297,407 
225 225,325,237,228,215,363,427,67,360,381,5,253,471,267,47,105,251,257,255,165,95,3,222,369 
226 226,238,234,242,255,274,97,282,365,219,243,100,73,125,94,353,172,218,200,54,336,257,174,12 
227 227,278,318,300,294,338,385,326,319,397,320,321,402,322,323,365,41,404,403,474,396,67,476,395 
228 228,164,204,44,428,55,489,328,62,219,118,225,327,247,8,477,351,108,33,270,449,63,382,253 
229 229,329,21,406,51,231,410,262,360,375,313,389,296,471,395,378,315,377,328,295,111,348,292,289 
230 315,230,158,36,356,367,346,455,491,329,462,35,422,395,212,173,166,124,283,373,265,409,428,360 
231 231,330,229,259,51,88,390,101,227,396,220,240,334,371,36,309,268,370,257,378,290,8,27,374 
232 232,316,259,253,13,101,24,489,26,412,431,411,454,451,418,452,47,426,111,285,444,409,116,358 
233 233,336,133,61,253,301,293,312,361,352,406,41,374,42,311,240,491,272,112,43,171,289,337,483 
234 234,238,242,255,226,333,433,97,100,219,257,243,125,94,73,54,200,371,269,158,218,350,12,172 
235 235,274,278,318,300,294,338,326,385,319,397,320,321,402,322,7,72,63,365,54,403,139,70,76 
236 236,17,74,490,280,458,171,359,141,56,31,149,216,85,499,464,70,384,470,59,25,60,432,203 
237 237,225,3,306,443,345,292,222,284,392,67,348,358,406,491,470,147,497,341,97,105,221,485,346 
238 238,242,234,255,226,97,243,100,125,73,373,275,219,341,94,172,257,218,200,477,12,54,158,428 
239 239,274,278,318,300,294,338,385,326,319,397,320,321,402,322,365,404,403,396,323,129,405,181,378 
240 146,240,443,13,119,422,304,1,303,416,400,376,398,272,383,293,101,220,36,313,19,3,392,23 
241 241,340,56,65,462,275,440,148,147,491,336,185,269,364,227,93,354,311,200,249,407,256,316,172 
242 3,242,238,255,234,226,97,391,100,94,243,125,301,158,489,219,54,200,218,257,12,73,172,434 
243 243,274,318,300,278,294,338,385,326,319,397,320,321,402,322,403,73,365,404,176,16,226,124,238 
244 244,400,274,278,365,300,269,335,173,72,294,318,476,422,429,14,396,313,179,449,147,486,297,377 
245 245,23,31,272,213,390,490,111,166,433,66,486,100,367,250,495,10,335,351,70,374,79,204,27 
246 430,246,297,20,93,341,151,32,429,2,235,29,329,343,251,324,23,212,180,205,186,179,377,176 
247 247,266,412,448,345,228,340,358,359,93,458,497,374,376,46,290,236,289,232,116,330,304,500,15 
248 248,371,313,16,147,235,341,43,391,141,84,53,349,15,157,115,348,209,71,273,346,72,149,23 
249 249,60,160,172,185,196,11,343,486,280,285,182,317,384,298,168,394,33,467,272,148,273,341,476 
250 71,250,101,144,415,447,171,170,364,344,67,284,371,316,111,217,459,424,491,21,222,31,169,245 
251 128,343,283,447,342,265,432,282,386,246,26,440,195,410,225,235,14,182,459,332,261,176,193,35 
252 251,267,151,141,116,71,68,75,139,149,115,40,122,189,483,195,268,45,130,215,28,6,129,106 
253 483,252,34,75,232,171,151,207,177,61,208,78,10,55,311,200,153,29,233,203,206,198,7,31 
254 253,127,352,476,257,464,289,304,440,350,165,455,333,46,51,329,262,462,497,470,272,222,309,369 
255 254,242,238,234,226,97,243,357,100,386,412,393,125,94,486,219,365,200,54,73,12,312,124,345 
256 255,274,294,300,278,318,338,385,326,319,397,320,321,402,322,403,404,365,405,257,396,395,61,323 
257 256,234,260,238,226,315,275,242,499,220,50,88,224,41,291,144,225,51,2,307,477,67,249,352 
258 257,255,267,338,455,291,253,310,318,172,274,353,23,302,170,169,224,168,395,384,326,309,262,320 
259 258,232,281,56,383,400,263,276,407,398,272,231,471,380,131,325,105,422,374,202,101,36,360,450 
260 259,336,301,276,67,462,212,341,317,257,483,181,48,250,96,436,253,238,128,407,148,353,391,352 
261 202,260,409,326,405,385,256,397,402,338,356,419,181,428,187,311,411,354,101,275,239,458,417,403 
262 261,487,408,402,265,51,340,397,41,368,427,385,272,92,381,268,242,229,318,413,403,219,274,347 
263 262,293,491,130,339,462,124,125,483,201,14,350,23,455,100,324,24,383,391,34,374,253,257,35 
264 263,41,40,76,186,487,11,159,29,211,39,293,339,208,44,193,106,258,183,37,45,126,53,55 
265 488,264,220,144,408,378,364,470,187,342,420,306,217,485,273,315,30,257,467,60,58,230,297,377 
266 265,166,291,378,372,261,301,250,282,125,90,151,171,348,443,30,423,242,241,368,73,458,363,295 
267 266,246,67,482,343,449,220,360,226,345,225,21,33,312,287,200,223,487,295,410,429,406,173,73 
268 267,251,257,305,35,447,402,395,255,300,318,294,234,274,316,412,396,288,92,242,58,238,77,385 
269 291,268,286,287,280,100,97,124,315,251,500,224,317,348,261,379,396,390,101,47,407,362,483,310 
270 269,338,407,455,344,308,320,243,377,322,233,321,318,326,242,400,279,404,360,238,409,339,286,48 
271 270,344,317,441,418,404,70,444,414,405,437,314,397,409,413,58,97,438,375,446,442,435,157,452 
272 271,387,171,105,283,4,376,23,135,46,58,272,439,215,170,129,27,374,128,347,285,269,487,350 
273 272,99,287,244,392,8,2,388,239,258,360,339,261,333,271,379,314,248,253,401,323,298,46,336 
274 273,226,97,100,94,376,415,125,393,290,158,200,54,218,330,172,219,247,12,160,302,342,264,174 
275 274,242,294,255,300,238,318,278,234,338,385,326,319,397,320,321,402,322,403,404,365,405,396,243 
276 275,36,365,3,414,435,437,237,418,436,417,413,405,409,430,411,438,434,89,441,442,285,445,481 
277 276,34,46,374,258,259,135,304,275,334,316,473,36,459,352,231,73,289,267,347,462,237,344,428 
278 334,277,97,396,125,302,94,377,158,449,100,296,308,54,172,73,123,411,403,219,489,12,160,218 
279 278,294,300,274,242,318,255,238,234,226,338,385,326,319,397,320,321,402,322,403,404,365,405,396 
280 279,420,344,53,77,84,62,197,72,35,63,29,201,149,269,74,455,64,334,7,83,85,407,107 
281 280,268,286,287,390,235,4,27,470,248,317,476,315,483,158,41,212,100,348,124,500,467,251,98 
282 281,258,99,67,353,298,181,20,398,449,383,330,416,352,238,422,234,3,428,365,278,412,108,274 
283 282,293,225,58,432,382,116,265,404,250,170,311,429,332,353,290,97,402,368,3,397,417,414,117 
284 283,287,356,250,94,180,145,117,1,203,271,195,471,122,59,43,208,110,126,16,76,114,57,316 
285 284,482,391,47,236,327,350,455,249,497,169,349,467,470,105,344,247,254,493,304,334,251,89,476 
286 285,348,357,445,346,456,452,444,110,275,437,231,416,451,418,438,446,432,248,442,454,453,436,422 
287 286,268,280,287,93,348,58,407,315,35,471,269,242,387,395,318,112,338,279,133,158,77,258,257 
288 287,268,286,280,283,272,41,477,291,297,383,379,67,95,356,400,129,310,266,39,27,497,21,377 
289 288,429,399,20,388,462,80,382,251,372,179,210,3,189,267,305,144,124,367,353,188,22,375,10 
290 289,374,296,253,302,369,382,352,246,458,46,276,412,143,359,406,165,47,2,232,448,487,350,148 
291 290,390,486,95,273,358,179,173,41,378,306,388,117,176,231,83,411,441,446,246,489,33,109,449 
292 268,291,299,265,257,464,396,212,50,287,493,221,217,382,390,367,467,256,223,473,96,262,220,226 
293 479,85,292,5,346,236,369,391,360,349,500,482,386,247,128,299,313,201,270,491,243,341,483,130 
294 293,97,282,381,262,125,263,423,100,94,124,366,158,368,239,232,377,54,406,123,172,105,487,324 
295 294,300,274,278,318,255,242,238,234,226,338,385,326,397,319,402,320,321,322,403,404,405,409,396 
296 295,423,471,299,350,8,381,383,131,3,108,165,392,337,278,402,338,410,294,421,118,132,60,405 
297 296,22,289,191,32,68,27,277,124,29,192,162,82,80,412,130,151,77,150,63,149,55,33,400 
298 297,24,377,100,347,245,202,58,36,287,486,243,42,362,101,231,212,365,112,384,264,309,96,50 
299 298,388,281,342,336,248,98,95,35,279,272,110,56,292,428,481,482,445,309,288,187,277,435,422 
300 340,209,299,97,291,295,125,471,100,382,94,124,292,54,158,200,381,308,96,12,105,73,354,336 
301 300,294,274,318,278,255,242,238,234,226,338,385,326,397,319,320,402,321,322,403,404,405,365,409 
302 301,337,368,259,241,92,265,439,340,10,138,40,232,55,164,28,173,179,70,261,166,7,64,482 
303 302,90,277,334,308,182,187,20,166,289,415,188,189,257,184,273,130,33,78,168,455,132,185,151 
304 184,303,94,40,194,45,13,239,106,21,119,156,57,192,27,76,104,138,77,114,44,53,109,29 
305 304,374,30,376,207,239,493,344,208,197,205,485,253,276,67,497,211,349,33,214,467,335,73,416 
306 442,305,50,481,267,393,215,165,432,366,225,329,288,315,477,447,389,237,343,375,2,388,356,270 
307 306,58,236,392,290,357,264,482,372,329,56,213,474,422,99,48,301,273,393,229,308,254,391,96 
308 307,100,329,432,165,310,383,387,42,270,366,490,375,43,380,283,256,213,395,377,253,83,97,353 
309 308,58,269,450,482,449,302,277,36,10,377,158,356,299,88,170,422,83,80,335,349,344,407,455 
310 309,69,365,412,158,315,257,401,351,476,489,253,258,225,221,443,231,187,298,243,297,230,35,270 
311 310,98,220,257,353,303,181,371,307,233,440,92,410,396,261,490,253,287,93,399,268,335,3,333 
312 311,183,107,388,405,413,401,404,411,402,462,14,168,104,82,153,135,397,252,185,403,63,76,418 
313 345,312,398,193,386,497,203,200,317,476,366,207,112,205,392,198,388,371,361,424,232,416,254,214 
314 313,247,4,391,181,418,348,403,11,397,413,444,421,437,404,347,243,95,31,453,402,221,20,83 
315 314,342,270,28,185,359,85,168,449,197,131,123,493,189,272,225,277,160,183,237,194,349,188,7 
316 229,315,348,477,268,256,462,280,408,355,286,309,264,99,305,386,127,196,108,204,482,455,228,3 
317 316,231,38,61,63,8,77,415,68,417,6,7,72,283,411,249,95,267,4,276,359,179,84,80 
318 317,97,351,100,434,270,344,94,312,125,280,333,304,268,248,259,158,303,387,378,273,233,92,380 
319 318,300,274,242,294,278,255,238,234,338,226,385,326,397,319,402,320,321,403,322,404,405,409,365 
320 401,319,320,321,322,300,318,294,274,278,242,326,255,338,238,234,385,226,397,402,403,404,405,365 
321 188,320,321,322,319,326,300,294,318,274,278,255,338,242,238,234,385,226,397,402,403,404,405,269 
322 321,322,320,319,326,338,318,300,294,385,274,278,255,242,238,397,234,402,226,403,404,405,409,269 
323 322,321,320,319,326,338,318,385,300,294,274,278,397,242,255,238,234,402,403,404,226,405,409,97 
324 449,323,423,424,226,234,326,238,100,255,427,184,278,242,394,274,347,397,354,116,300,47,372,272 
325 324,88,219,439,424,262,245,293,354,28,234,226,326,458,238,400,334,381,263,242,380,255,60,229 
326 325,384,224,97,399,100,370,258,390,125,336,382,302,352,67,365,257,427,99,92,143,298,243,248 
327 326,338,318,300,385,294,278,274,255,397,242,238,234,322,321,320,319,402,226,403,404,405,409,411 
328 102,327,220,489,135,427,439,481,382,107,93,227,391,284,471,6,60,396,383,169,359,296,226,98 
329 328,227,50,476,51,164,55,395,331,31,428,439,473,62,73,220,374,304,111,44,113,207,365,282 
330 25,329,228,481,220,204,20,389,307,158,229,245,253,305,410,26,306,334,483,219,264,290,490,217 
331 330,125,230,434,433,52,273,41,483,281,313,270,173,246,370,260,390,374,345,389,362,97,358,346 
332 331,433,65,447,328,5,382,219,372,367,166,241,474,357,399,355,92,490,69,263,389,162,306,264 
333 332,221,432,169,348,433,464,27,158,133,61,337,487,123,282,395,351,181,355,250,48,262,291,42 
334 333,233,433,36,388,317,253,378,272,111,352,462,96,132,335,269,371,350,339,401,310,35,170,237 
335 277,334,450,97,302,74,276,279,150,341,43,247,448,30,263,329,93,284,230,421,406,288,324,446 
336 335,439,105,13,36,243,343,410,304,125,399,481,29,142,407,71,24,156,16,483,344,146,87,107 
337 463,336,259,232,187,216,225,193,298,198,240,352,191,202,178,497,75,101,340,214,237,100,476,399 
338 337,439,97,301,378,326,474,332,100,295,368,321,67,438,322,313,262,319,178,367,320,92,483,374 
339 338,385,318,397,300,294,278,255,274,326,242,402,238,234,403,404,405,226,409,319,321,320,411,322 
340 339,13,428,262,263,3,360,101,1,409,421,119,402,272,99,8,181,413,418,491,269,414,419,404 
341 299,340,240,222,216,31,408,93,41,43,261,246,46,301,410,42,24,311,105,486,407,358,220,336 
342 341,222,34,96,38,247,128,10,139,237,245,73,343,345,68,140,94,25,119,75,122,364,144,138 
343 342,73,85,378,314,87,66,164,123,489,38,264,250,183,53,198,195,432,375,298,177,23,163,90 
344 343,250,408,394,406,177,473,367,2,364,248,341,89,335,171,266,166,410,191,169,245,283,30,376 
345 344,279,270,269,317,304,249,395,148,455,407,482,284,335,27,20,93,400,184,459,124,359,276,416 
346 312,345,358,46,222,443,246,236,165,341,361,384,254,140,458,21,266,313,399,270,202,317,247,359 
347 346,112,362,285,428,292,391,229,58,124,27,247,353,279,33,202,21,434,335,236,68,16,348,80 
348 347,297,391,69,313,392,323,261,276,474,412,177,157,108,249,364,500,387,89,271,291,243,128,272 
349 348,39,285,92,173,315,286,500,313,332,247,445,349,236,1,26,411,438,268,265,417,418,441,279 
350 349,195,181,161,428,500,247,350,292,304,97,348,92,381,391,284,377,127,9,362,58,150,389,190 
351 350,14,85,80,295,171,88,6,406,394,65,91,7,349,68,8,123,374,499,284,233,473,44,74 
352 351,36,317,212,150,489,95,179,27,270,88,476,177,371,157,227,220,309,439,352,200,72,191,112 
353 352,253,422,95,400,387,462,399,416,281,336,333,355,289,232,50,351,276,360,449,144,424,217,187 
354 353,1,281,412,225,398,310,69,483,160,172,257,35,346,98,251,282,196,95,212,303,185,158,116 
355 354,450,96,129,92,143,101,42,260,100,99,125,52,367,323,50,406,299,324,434,240,117,490,118 
356 355,450,206,172,482,221,369,128,315,427,352,204,372,101,350,474,495,263,111,332,67,185,262,182 
357 112,356,283,229,27,148,260,393,169,462,367,187,252,184,74,429,287,308,130,409,394,361,397,21 
358 357,254,285,481,50,490,389,306,46,500,263,489,335,124,367,375,185,20,269,388,179,459,201,23 
359 358,345,124,290,246,380,236,231,439,304,21,450,340,202,359,373,46,31,99,235,396,270,360,330 
360 359,500,235,458,246,270,429,314,8,316,450,358,273,327,345,344,289,490,432,277,319,130,279,42 
361 360,428,339,415,48,96,292,443,272,100,101,47,263,269,224,129,247,384,91,137,86,94,228,266 
362 361,379,378,424,193,197,122,13,312,108,65,345,163,232,178,372,165,380,12,25,55,120,146,356 
363 362,346,222,464,216,145,202,48,237,183,221,208,100,316,297,412,428,486,190,349,391,156,485,268 
364 363,41,117,59,13,57,109,121,78,49,106,39,18,126,119,120,12,11,115,125,104,43,19,87 
365 364,159,190,183,219,145,194,207,127,208,137,186,218,156,174,158,161,343,98,264,249,88,470,493 
366 365,278,255,242,234,225,238,274,300,275,90,318,60,294,226,319,107,243,320,222,338,24,17,254 
367 366,312,293,263,369,67,476,183,364,305,185,141,41,160,307,279,448,125,168,220,440,200,21,249 
368 367,473,402,229,343,399,481,403,338,385,356,231,397,5,217,407,405,234,291,331,238,409,237,354 
369 97,368,301,113,487,118,261,443,427,293,38,77,109,127,184,17,337,61,58,148,85,50,311,59 
370 369,112,206,196,185,183,188,210,448,189,195,495,292,182,386,180,50,366,192,289,90,172,168,355 
371 370,422,202,60,401,477,61,303,389,325,166,24,147,330,6,46,230,200,248,365,399,398,302,298 
372 371,247,135,91,483,10,415,49,71,39,377,33,118,85,30,233,86,55,37,44,312,121,75,81 
373 372,193,1,115,155,464,172,82,185,164,160,157,168,161,196,68,133,59,177,138,182,188,139,142 
374 373,447,416,237,27,140,380,172,20,137,181,167,218,146,192,198,156,142,191,154,178,485,428,186 
375 472,374,304,127,121,113,289,64,66,120,40,49,68,57,7,53,82,25,276,44,91,54,63,115 
376 375,194,183,167,155,204,150,154,164,198,146,163,162,211,208,218,177,159,193,133,203,156,174,190 
377 376,304,387,273,213,500,239,407,271,246,434,389,132,443,374,343,410,360,144,30,24,437,401,276 
378 8,377,297,48,371,277,269,135,422,100,308,243,293,349,62,7,28,311,388,128,245,287,350,264 
379 378,58,143,361,342,449,264,52,265,217,300,234,290,337,242,238,83,318,333,123,294,125,320,317 
380 379,361,165,433,449,287,47,495,268,499,15,378,272,283,138,210,392,407,28,363,356,286,94,240 
381 380,128,373,97,449,358,171,455,258,111,69,2,361,395,307,317,490,177,235,342,275,383,315,245 
382 34,381,293,67,295,33,416,427,101,424,349,421,382,261,224,441,456,124,299,451,213,445,404,442 
383 382,220,327,282,9,299,288,291,331,429,88,381,289,416,15,301,17,247,227,27,371,221,237,46 
384 203,383,88,33,16,258,396,295,384,374,12,239,263,287,281,158,427,262,307,452,327,67,489,351 
385 384,325,97,415,383,235,321,345,67,248,252,360,257,247,399,322,391,319,297,320,365,100,243,92 
386 385,397,402,338,403,404,318,405,294,300,409,278,274,326,255,242,411,238,413,234,414,417,226,418 
387 386,56,393,312,254,17,113,58,410,369,483,459,195,127,394,250,292,18,373,50,78,315,389,38 
388 387,124,271,376,176,141,439,192,352,158,401,47,317,171,307,286,121,207,178,188,27,154,342,165 
389 388,311,298,401,288,272,481,456,333,312,290,111,454,462,420,398,377,429,374,304,294,67,452,447 
390 389,30,357,481,399,329,370,26,376,435,447,438,311,35,228,417,305,386,349,48,448,491,437,430 
391 390,56,290,280,184,176,486,244,187,291,268,235,223,131,325,230,490,335,2,330,23,243,303,483 
392 391,241,47,284,313,247,292,347,346,327,338,392,349,262,371,83,350,420,100,384,92,34,362,303 
393 444,392,272,306,236,312,391,347,295,180,239,247,339,493,379,260,361,8,157,201,112,497,292,427 
394 393,9,386,254,273,410,305,356,483,316,176,42,51,455,177,116,362,189,471,26,185,299,306,252 
395 394,184,343,111,404,398,350,47,414,169,413,487,418,419,323,406,215,402,166,397,386,446,452,451 
396 395,92,255,234,328,242,267,344,274,46,226,238,98,275,219,278,257,99,332,229,286,300,380,69 
397 396,277,97,274,278,294,300,318,242,238,255,234,383,489,67,326,226,291,412,319,338,243,385,397 
398 397,402,385,403,404,405,409,338,411,413,414,418,417,326,318,294,300,278,274,255,421,242,435,238 
399 398,312,28,394,353,169,88,239,258,281,303,401,416,388,443,202,4,261,328,424,26,41,459,343 
400 399,73,288,16,325,367,53,481,79,486,61,335,389,473,1,352,410,384,91,433,6,345,72,449 
401 400,243,258,98,200,239,352,476,422,375,269,182,157,168,180,493,172,108,138,36,427,107,238,364 
402 319,488,401,418,414,411,446,413,417,425,441,454,445,444,426,435,438,409,453,421,452,451,436,419 
403 402,397,403,404,405,409,385,413,414,411,417,418,338,435,421,326,318,294,430,425,442,426,436,300 
404 403,402,404,405,409,397,411,413,414,417,385,418,338,435,421,442,446,444,436,437,430,445,425,441 
405 404,403,402,405,409,397,411,413,414,417,418,385,435,338,442,446,421,445,436,430,444,437,441,425 
406 405,409,403,404,402,411,413,414,417,397,418,385,435,442,446,445,430,444,441,437,436,338,421,431 
407 406,343,350,228,132,108,173,236,394,30,270,410,458,232,293,48,471,354,403,289,381,141,408,130 
408 407,269,376,258,286,415,135,471,401,34,279,367,340,26,85,78,38,335,344,8,18,235,268,409 
409 492,408,343,261,264,340,46,181,218,180,67,315,150,174,364,467,156,217,211,5,394,119,311,487 
410 409,413,411,414,405,403,417,418,404,402,397,435,385,442,446,445,444,441,436,430,437,431,425,426 
411 455,410,132,46,217,386,393,411,335,340,417,413,343,440,409,403,369,442,406,228,187,295,419,430 
412 411,417,409,413,414,418,405,403,404,402,397,435,442,445,446,444,441,436,430,437,438,453,425,451 
413 412,92,423,353,254,246,46,231,396,222,309,267,42,296,237,483,225,362,428,289,257,351,347,281 
414 413,414,417,418,409,411,405,403,404,402,435,442,397,444,445,430,446,421,436,441,437,431,425,438 
415 92,414,413,417,418,411,409,405,403,404,402,435,442,445,397,444,446,436,441,430,437,425,426,438 
416 461,415,249,273,371,384,360,316,407,302,4,413,443,235,9,430,418,417,69,261,2,425,411,421 
417 416,424,450,373,449,239,381,178,46,285,304,312,352,207,398,247,281,90,117,439,205,497,382,489 
418 417,414,418,413,411,409,405,404,442,403,435,445,444,446,441,436,402,437,438,430,453,431,452,451 
419 418,417,413,414,411,409,405,445,444,442,446,435,403,441,404,436,437,402,453,452,421,451,438,430 
420 419,417,414,411,413,409,418,421,425,442,405,426,435,445,441,444,404,446,430,403,436,431,451,453 
421 420,279,46,264,148,388,2,251,391,187,363,386,42,500,269,285,450,284,290,375,359,128,5,346 
422 421,418,413,417,442,444,441,425,414,436,435,426,430,446,411,437,445,438,409,431,451,405,452,453 
423 422,239,370,450,352,243,400,377,285,229,258,281,170,308,416,269,336,306,277,298,360,5,311,447 
424 423,295,323,412,127,293,189,215,225,265,4,316,69,110,458,176,267,188,222,396,118,246,257,88 
425 424,416,323,474,361,46,324,381,312,249,169,100,372,447,42,352,398,356,394,338,290,456,411,308 
426 425,426,430,431,417,418,413,442,414,421,436,411,444,441,435,445,446,409,437,438,452,453,451,405 
427 23,426,425,430,431,417,418,442,436,413,414,441,444,435,421,445,446,411,438,437,409,451,452,453 
428 427,27,327,323,101,381,100,261,368,147,224,487,400,383,355,238,97,482,372,226,13,419,184,294 
429 428,227,349,339,360,346,78,21,98,260,328,67,237,373,181,362,412,231,92,247,281,96,74,276 
430 429,288,166,220,245,243,359,143,382,282,290,356,46,267,388,213,42,266,169,5,487,396,486,270 
431 245,430,431,436,442,435,441,437,438,444,445,446,418,417,426,425,453,413,452,451,414,454,411,409 
432 431,430,436,435,442,441,438,437,444,445,446,417,418,453,426,452,425,451,413,454,414,411,456,409 
433 432,332,41,282,250,342,235,43,285,99,305,307,375,500,226,242,238,300,487,454,255,348,96,359 
434 433,331,233,330,333,125,379,219,181,332,401,215,1,244,399,262,371,311,434,35,351,270,361,313 
435 434,330,317,275,477,42,491,376,241,92,303,46,346,270,95,433,354,273,471,400,98,260,147,365 
436 435,438,437,436,442,441,445,446,444,453,418,452,417,430,451,431,454,413,414,456,411,409,405,426 
437 436,435,438,437,442,441,444,445,446,430,453,431,452,451,454,418,417,456,413,414,411,426,409,425 
438 437,438,435,436,442,441,445,446,444,453,452,451,454,430,418,456,431,417,413,414,411,409,421,426 
439 438,437,435,436,442,441,445,446,444,452,453,451,454,430,456,431,417,418,413,414,411,426,409,421 
440 439,337,335,1,324,327,32,124,35,387,97,301,483,328,358,231,416,351,271,94,234,213,101,367 
441 440,141,130,447,132,173,67,46,253,240,148,410,449,373,250,42,310,195,78,69,303,257,366,171 
442 491,441,442,446,445,444,438,452,451,437,435,453,436,454,456,418,430,417,431,413,411,414,421,426 
443 305,442,441,446,445,444,452,438,435,451,437,453,436,454,456,418,417,430,431,413,414,411,409,426 
444 443,239,94,345,236,42,360,368,46,95,415,376,265,398,459,303,124,254,263,309,27,56,241,342 
445 392,444,445,446,452,441,442,453,451,454,456,438,436,437,435,418,417,430,431,413,414,411,421,409 
446 445,446,444,452,442,441,451,453,454,456,438,435,437,436,418,417,430,431,411,414,413,409,426,425 
447 446,445,444,452,442,441,451,453,454,456,438,437,435,436,418,417,430,431,411,414,413,409,421,426 
448 447,373,440,474,249,170,331,250,52,267,173,191,67,242,125,389,251,260,338,16,305,234,129,62 
449 448,246,369,185,190,160,196,210,158,123,222,122,3,62,180,334,366,474,219,87,389,237,499,353 
450 323,449,95,378,416,308,379,277,380,266,243,281,440,290,314,1,206,489,399,352,200,275,187,302 
451 450,111,416,354,482,308,355,334,422,481,95,489,42,170,456,363,453,452,147,442,445,446,451,98 
452 451,452,454,453,456,446,445,444,442,441,438,437,436,435,418,417,430,431,411,414,413,409,421,426 
453 452,454,451,453,456,445,446,444,442,441,438,437,435,436,418,417,430,431,411,414,413,426,409,421 
454 453,452,454,451,456,445,446,444,442,441,438,437,435,436,418,430,417,431,411,414,413,409,426,421 
455 454,452,456,451,453,445,446,444,442,441,438,437,436,435,418,417,430,431,411,414,413,426,409,425 
456 157,410,455,269,257,42,229,284,279,27,253,344,380,262,393,304,500,302,419,394,459,315,308,2 
457 456,454,452,453,451,445,446,444,442,441,438,437,436,435,418,417,430,431,411,414,413,409,426,421 
458 457,463,461,465,466,460,469,472,475,479,468,480,134,494,478,492,488,322,321,8,9,484,42,30 
459 40,458,235,359,500,409,414,413,246,222,275,421,345,418,406,24,260,273,397,289,254,405,419,441 
460 459,127,487,213,386,491,249,481,443,276,101,344,250,455,236,170,148,357,97,372,398,477,345,133 
461 460,466,469,465,472,475,463,457,461,479,468,480,478,494,488,492,484,134,498,350,322,34,92,28 
462 415,461,457,463,465,472,460,469,466,475,468,479,480,33,484,488,478,498,494,492,322,5,405,350 
463 462,112,262,202,311,288,259,240,352,356,315,388,143,95,229,117,491,333,253,148,499,477,276,92 
464 336,463,457,465,461,466,469,460,25,12,19,472,475,11,29,7,10,14,22,16,32,6,18,479 
465 464,49,163,126,137,208,146,121,175,470,81,120,106,156,485,467,76,167,104,114,57,197,86,140 
466 465,466,469,460,463,457,461,472,475,479,468,480,494,478,488,492,134,484,498,322,321,34,403,402 
467 466,469,460,465,25,475,19,472,463,457,12,11,461,7,16,14,29,6,479,10,32,22,468,13 
468 467,163,114,106,86,211,175,121,146,120,156,470,137,208,126,197,145,485,203,159,57,104,167,174 
469 468,479,472,480,469,466,460,475,465,488,478,494,461,463,492,457,484,498,134,496,406,127,396,322 
470 189,469,466,460,25,465,472,475,12,463,19,457,11,14,29,7,6,461,16,22,479,10,468,18 
471 470,86,175,121,114,106,120,126,211,485,203,197,145,159,76,208,163,137,167,146,467,156,84,104 
472 471,295,409,411,299,283,491,327,404,405,407,258,385,417,286,110,338,413,403,224,397,127,406,279 
473 374,472,460,475,469,466,465,461,468,463,479,457,480,484,498,488,478,492,494,9,16,13,15,26 
474 473,217,184,499,367,343,111,176,374,187,350,180,182,58,399,100,170,328,276,243,13,251,291,490 
475 20,474,447,424,129,318,278,300,385,226,242,294,338,319,255,326,204,337,234,274,101,80,123,238 
476 475,472,469,460,466,465,479,6,461,12,463,14,457,19,468,11,7,16,480,10,22,1,13,18 
477 476,107,153,25,214,142,207,203,84,86,174,197,198,470,208,115,211,54,205,146,200,114,485,106 
478 477,92,31,65,147,205,112,287,172,49,464,315,41,209,434,75,178,139,109,157,237,370,113,127 
479 478,494,488,492,484,480,498,479,468,475,469,472,466,465,460,457,496,463,134,102,152,461,199,359 
480 292,479,475,468,480,469,466,472,460,465,478,463,494,492,488,457,461,484,498,134,102,152,199,406 
481 77,480,478,494,492,488,479,468,484,498,475,469,466,472,465,460,463,457,461,134,102,152,199,359 
482 481,489,329,482,50,305,67,327,450,405,357,367,65,311,388,5,275,399,389,402,409,73,417,338 
483 482,481,28,284,450,308,170,355,266,292,116,306,270,166,344,427,171,489,446,301,453,315,442,298 
484 252,483,371,50,24,251,353,262,386,275,439,30,330,393,132,280,412,21,414,431,481,456,335,374 
485 484,498,488,478,12,492,494,11,14,6,7,480,10,13,1,479,468,496,475,472,15,469,465,466 
486 485,114,175,106,126,121,86,120,137,470,163,203,211,167,197,146,159,214,467,104,156,76,57,140 
487 486,53,65,128,75,290,157,119,41,150,16,123,22,254,390,216,68,248,72,88,139,193,91,29 
488 487,261,263,34,459,368,394,127,427,332,400,98,97,293,116,386,432,266,408,166,26,60,70,169 
489 401,264,488,478,494,492,484,498,480,468,479,475,496,472,469,465,466,460,8,457,463,134,102,152 
490 489,481,227,220,490,327,396,342,231,351,450,127,241,277,65,290,486,369,187,449,357,309,482,416 
491 490,489,220,178,235,244,357,51,72,205,216,38,401,12,54,206,307,58,14,241,215,79,39,222 
492 441,492,491,89,262,471,434,229,251,236,240,459,339,462,249,292,369,389,312,232,279,388,344,361 
493 408,491,151,492,494,478,488,484,480,498,7,479,6,468,1,475,469,466,496,472,465,460,457,134 
494 493,497,137,208,174,163,109,146,120,197,156,104,205,114,175,25,86,54,467,161,121,106,126,142 
495 202,494,478,492,488,484,480,498,479,468,475,469,466,472,465,460,1,496,457,134,463,102,152,461 
496 495,52,499,196,168,182,91,115,72,167,109,211,126,139,203,195,164,467,142,76,87,204,214,12 
497 147,496,498,1,484,488,492,494,478,468,472,421,420,148,419,401,108,360,85,273,450,80,425,370 
498 497,208,163,137,86,146,114,120,493,156,175,174,121,467,126,104,145,25,106,154,209,198,54,470 
499 202,498,484,488,478,492,494,496,480,468,479,472,475,1,469,461,465,460,466,457,85,46,61,38 
